ENTITY;ACCOUNT;EXERCICE;SCENARIO;PERIOD;AMOUNT;USERUPD;DATEUPD;PROVENIENZA
ISCOM_LIL;6063;2024;2027BUD_V1;12;33143,000000000;M.PITOT;2026-08-19 15:50:47.089;QDL
ISCOM_TLS;615;2024;2027BUD_V1;12;18050,000000000;M.PITOT;2026-08-19 15:50:47.089;QDL
ISCOM_TLS;6063;2024;2027BUD_V1;12;31377,000000000;M.PITOT;2026-08-19 15:50:47.089;QDL
IPAC_NAN;615;2024;2027BUD_V1;12;12033,000000000;M.PITOT;2026-08-19 15:50:47.089;QDL
IPAC_NAN;6063;2024;2027BUD_V1;12;19696,000000000;M.PITOT;2026-08-19 15:50:47.089;QDL
IPAC_REN;615;2024;2027BUD_V1;12;10589,000000000;M.PITOT;2026-08-19 15:50:47.089;QDL
IPAC_REN;6063;2024;2027BUD_V1;12;15892,000000000;M.PITOT;2026-08-19 15:50:47.089;QDL
IPAC_MTP;615;2024;2027BUD_V1;12;10589,000000000;M.PITOT;2026-08-19 15:50:47.089;QDL
IPAC_MTP;6063;2024;2027BUD_V1;12;15892,000000000;M.PITOT;2026-08-19 15:50:47.089;QDL
PIGIER_LYO;615;2024;2027BUD_V1;12;17970,000000000;M.PITOT;2026-08-19 15:50:47.089;QDL
PIGIER_LYO;6063;2024;2027BUD_V1;12;24722,000000000;M.PITOT;2026-08-19 15:50:47.089;QDL
PIGIER_BOR;615;2024;2027BUD_V1;12;16846,000000000;M.PITOT;2026-08-19 15:50:47.089;QDL
PIGIER_BOR;6063;2024;2027BUD_V1;12;19288,000000000;M.PITOT;2026-08-19 15:50:47.089;QDL
TUNON_PAR;615;2024;2027BUD_V1;12;19494,000000000;M.PITOT;2026-08-19 15:50:47.089;QDL
TUNON_PAR;6063;2024;2027BUD_V1;12;18745,000000000;M.PITOT;2026-08-19 15:50:47.089;QDL
TUNON_LYO;615;2024;2027BUD_V1;12;13477,000000000;M.PITOT;2026-08-19 15:50:47.089;QDL
TUNON_LYO;6063;2024;2027BUD_V1;12;15892,000000000;M.PITOT;2026-08-19 15:50:47.089;QDL
MBWAY_PAR;615;2025;2027BUD_V1;12;50967,000000000;M.PITOT;2026-08-19 15:50:47.089;QDL
MBWAY_PAR;6063;2025;2027BUD_V1;12;54266,000000000;M.PITOT;2026-08-19 15:50:47.089;QDL
MBWAY_LYO;615;2025;2027BUD_V1;12;30538,000000000;M.PITOT;2026-08-19 15:50:47.089;QDL
MBWAY_LYO;6063;2025;2027BUD_V1;12;46027,000000000;M.PITOT;2026-08-19 15:50:47.089;QDL
MBWAY_NAN;615;2025;2027BUD_V1;12;25169,000000000;M.PITOT;2026-08-19 15:50:47.089;QDL
MBWAY_NAN;6063;2025;2027BUD_V1;12;41765,000000000;M.PITOT;2026-08-19 15:50:47.089;QDL
MBWAY_BOR;615;2025;2027BUD_V1;12;22023,000000000;M.PITOT;2026-08-19 15:50:47.089;QDL
MBWAY_BOR;6063;2025;2027BUD_V1;12;35372,000000000;M.PITOT;2026-08-19 15:50:47.089;QDL
ISCOM_PAR;615;2025;2027BUD_V1;12;50967,000000000;M.PITOT;2026-08-19 15:50:47.089;QDL
ISCOM_PAR;6063;2025;2027BUD_V1;12;50288,000000000;M.PITOT;2026-08-19 15:50:47.089;QDL
ISCOM_LIL;615;2025;2027BUD_V1;12;19296,000000000;M.PITOT;2026-08-19 15:50:47.089;QDL
ISCOM_LIL;6063;2025;2027BUD_V1;12;34662,000000000;M.PITOT;2026-08-19 15:50:47.089;QDL
ISCOM_TLS;615;2025;2027BUD_V1;12;18877,000000000;M.PITOT;2026-08-19 15:50:47.089;QDL
ISCOM_TLS;6063;2025;2027BUD_V1;12;32815,000000000;M.PITOT;2026-08-19 15:50:47.089;QDL
IPAC_NAN;615;2025;2027BUD_V1;12;12585,000000000;M.PITOT;2026-08-19 15:50:47.089;QDL
IPAC_NAN;6063;2025;2027BUD_V1;12;20598,000000000;M.PITOT;2026-08-19 15:50:47.089;QDL
IPAC_REN;615;2025;2027BUD_V1;12;11074,000000000;M.PITOT;2026-08-19 15:50:47.089;QDL
IPAC_REN;6063;2025;2027BUD_V1;12;16621,000000000;M.PITOT;2026-08-19 15:50:47.089;QDL
IPAC_MTP;615;2025;2027BUD_V1;12;11074,000000000;M.PITOT;2026-08-19 15:50:47.089;QDL
IPAC_MTP;6063;2025;2027BUD_V1;12;16621,000000000;M.PITOT;2026-08-19 15:50:47.089;QDL
PIGIER_LYO;615;2025;2027BUD_V1;12;18793,000000000;M.PITOT;2026-08-19 15:50:47.089;QDL
PIGIER_LYO;6063;2025;2027BUD_V1;12;25854,000000000;M.PITOT;2026-08-19 15:50:47.089;QDL
PIGIER_BOR;615;2025;2027BUD_V1;12;17618,000000000;M.PITOT;2026-08-19 15:50:47.089;QDL
PIGIER_BOR;6063;2025;2027BUD_V1;12;20172,000000000;M.PITOT;2026-08-19 15:50:47.089;QDL
TUNON_PAR;615;2025;2027BUD_V1;12;20387,000000000;M.PITOT;2026-08-19 15:50:47.089;QDL
TUNON_PAR;6063;2025;2027BUD_V1;12;19604,000000000;M.PITOT;2026-08-19 15:50:47.089;QDL
TUNON_LYO;615;2025;2027BUD_V1;12;14095,000000000;M.PITOT;2026-08-19 15:50:47.089;QDL
TUNON_LYO;6063;2025;2027BUD_V1;12;16621,000000000;M.PITOT;2026-08-19 15:50:47.089;QDL
MBWAY_PAR;615;2026;2027BUD_V1;12;53400,000000000;M.PITOT;2026-08-19 15:50:47.089;QDL
MBWAY_PAR;6063;2026;2027BUD_V1;12;56856,000000000;M.PITOT;2026-08-19 15:50:47.089;QDL
MBWAY_LYO;615;2026;2027BUD_V1;12;31996,000000000;M.PITOT;2026-08-19 15:50:47.089;QDL
MBWAY_LYO;6063;2026;2027BUD_V1;12;48224,000000000;M.PITOT;2026-08-19 15:50:47.089;QDL
MBWAY_NAN;615;2026;2027BUD_V1;12;26370,000000000;M.PITOT;2026-08-19 15:50:47.089;QDL
MBWAY_NAN;6063;2026;2027BUD_V1;12;43758,000000000;M.PITOT;2026-08-19 15:50:47.089;QDL
MBWAY_BOR;615;2026;2027BUD_V1;12;23074,000000000;M.PITOT;2026-08-19 15:50:47.089;QDL
MBWAY_BOR;6063;2026;2027BUD_V1;12;37061,000000000;M.PITOT;2026-08-19 15:50:47.089;QDL
ISCOM_PAR;615;2026;2027BUD_V1;12;53400,000000000;M.PITOT;2026-08-19 15:50:47.089;QDL
ISCOM_PAR;6063;2026;2027BUD_V1;12;52689,000000000;M.PITOT;2026-08-19 15:50:47.089;QDL
ISCOM_LIL;615;2026;2027BUD_V1;12;20217,000000000;M.PITOT;2026-08-19 15:50:47.089;QDL
ISCOM_LIL;6063;2026;2027BUD_V1;12;36316,000000000;M.PITOT;2026-08-19 15:50:47.089;QDL
ISCOM_TLS;615;2026;2027BUD_V1;12;19778,000000000;M.PITOT;2026-08-19 15:50:47.089;QDL
ISCOM_TLS;6063;2026;2027BUD_V1;12;34382,000000000;M.PITOT;2026-08-19 15:50:47.089;QDL
IPAC_NAN;615;2026;2027BUD_V1;12;13185,000000000;M.PITOT;2026-08-19 15:50:47.089;QDL
IPAC_NAN;6063;2026;2027BUD_V1;12;21582,000000000;M.PITOT;2026-08-19 15:50:47.089;QDL
IPAC_REN;615;2026;2027BUD_V1;12;11603,000000000;M.PITOT;2026-08-19 15:50:47.089;QDL
IPAC_REN;6063;2026;2027BUD_V1;12;17414,000000000;M.PITOT;2026-08-19 15:50:47.089;QDL
IPAC_MTP;615;2026;2027BUD_V1;12;11603,000000000;M.PITOT;2026-08-19 15:50:47.089;QDL
IPAC_MTP;6063;2026;2027BUD_V1;12;17414,000000000;M.PITOT;2026-08-19 15:50:47.089;QDL
PIGIER_LYO;615;2026;2027BUD_V1;12;19690,000000000;M.PITOT;2026-08-19 15:50:47.089;QDL
PIGIER_LYO;6063;2026;2027BUD_V1;12;27089,000000000;M.PITOT;2026-08-19 15:50:47.089;QDL
PIGIER_BOR;615;2026;2027BUD_V1;12;18459,000000000;M.PITOT;2026-08-19 15:50:47.089;QDL
PIGIER_BOR;6063;2026;2027BUD_V1;12;21135,000000000;M.PITOT;2026-08-19 15:50:47.089;QDL
TUNON_PAR;615;2026;2027BUD_V1;12;21360,000000000;M.PITOT;2026-08-19 15:50:47.089;QDL
TUNON_PAR;6063;2026;2027BUD_V1;12;20540,000000000;M.PITOT;2026-08-19 15:50:47.089;QDL
TUNON_LYO;615;2026;2027BUD_V1;12;14767,000000000;M.PITOT;2026-08-19 15:50:47.089;QDL
TUNON_LYO;6063;2026;2027BUD_V1;12;17414,000000000;M.PITOT;2026-08-19 15:50:47.089;QDL
MBWAY_PAR;616;2024;2027BUD_V1;12;35430,000000000;M.PITOT;2026-08-19 15:50:47.089;QDL
MBWAY_PAR;6231;2024;2027BUD_V1;12;56438,000000000;M.PITOT;2026-08-19 15:50:47.089;QDL
MBWAY_LYO;616;2024;2027BUD_V1;12;20776,000000000;M.PITOT;2026-08-19 15:50:47.089;QDL
MBWAY_LYO;6231;2024;2027BUD_V1;12;34532,000000000;M.PITOT;2026-08-19 15:50:47.089;QDL
MBWAY_NAN;616;2024;2027BUD_V1;12;16832,000000000;M.PITOT;2026-08-19 15:50:47.089;QDL
MBWAY_NAN;6231;2024;2027BUD_V1;12;26060,000000000;M.PITOT;2026-08-19 15:50:47.089;QDL
MBWAY_BOR;616;2024;2027BUD_V1;12;14969,000000000;M.PITOT;2026-08-19 15:50:47.089;QDL
MBWAY_BOR;6231;2024;2027BUD_V1;12;20597,000000000;M.PITOT;2026-08-19 15:50:47.089;QDL
ISCOM_PAR;616;2024;2027BUD_V1;12;32833,000000000;M.PITOT;2026-08-19 15:50:47.089;QDL
ISCOM_PAR;6231;2024;2027BUD_V1;12;50248,000000000;M.PITOT;2026-08-19 15:50:47.089;QDL
ISCOM_LIL;616;2024;2027BUD_V1;12;12852,000000000;M.PITOT;2026-08-19 15:50:47.089;QDL
ISCOM_LIL;6231;2024;2027BUD_V1;12;20843,000000000;M.PITOT;2026-08-19 15:50:47.089;QDL
ISCOM_TLS;616;2024;2027BUD_V1;12;11903,000000000;M.PITOT;2026-08-19 15:50:47.089;QDL
ISCOM_TLS;6231;2024;2027BUD_V1;12;18251,000000000;M.PITOT;2026-08-19 15:50:47.089;QDL
IPAC_NAN;616;2024;2027BUD_V1;12;8302,000000000;M.PITOT;2026-08-19 15:50:47.089;QDL
IPAC_NAN;6231;2024;2027BUD_V1;12;17983,000000000;M.PITOT;2026-08-19 15:50:47.089;QDL
IPAC_REN;616;2024;2027BUD_V1;12;5895,000000000;M.PITOT;2026-08-19 15:50:47.089;QDL
GRP;TEC_PL;2027;2027BUD_V1;12;0,050000000;H.BOUZIDI;2026-08-20 15:03:31.455;INPUT_DEFORM
GRP;TEC_EBITDA;2027;2027BUD_V1;12;0,150000000;H.BOUZIDI;2026-08-20 15:03:31.459;INPUT_DEFORM
IPAC_REN;6231;2024;2027BUD_V1;12;12341,000000000;M.PITOT;2026-08-19 15:50:47.089;QDL
IPAC_MTP;616;2024;2027BUD_V1;12;5895,000000000;M.PITOT;2026-08-19 15:50:47.089;QDL
IPAC_MTP;6231;2024;2027BUD_V1;12;12543,000000000;M.PITOT;2026-08-19 15:50:47.089;QDL
PIGIER_LYO;616;2024;2027BUD_V1;12;11670,000000000;M.PITOT;2026-08-19 15:50:47.089;QDL
PIGIER_LYO;6231;2024;2027BUD_V1;12;30258,000000000;M.PITOT;2026-08-19 15:50:47.089;QDL
PIGIER_BOR;616;2024;2027BUD_V1;12;8536,000000000;M.PITOT;2026-08-19 15:50:47.089;QDL
PIGIER_BOR;6231;2024;2027BUD_V1;12;18155,000000000;M.PITOT;2026-08-19 15:50:47.089;QDL
TUNON_PAR;616;2024;2027BUD_V1;12;12799,000000000;M.PITOT;2026-08-19 15:50:47.089;QDL
TUNON_PAR;6231;2024;2027BUD_V1;12;24992,000000000;M.PITOT;2026-08-19 15:50:47.089;QDL
TUNON_LYO;616;2024;2027BUD_V1;12;7502,000000000;M.PITOT;2026-08-19 15:50:47.089;QDL
TUNON_LYO;6231;2024;2027BUD_V1;12;15578,000000000;M.PITOT;2026-08-19 15:50:47.089;QDL
MBWAY_PAR;616;2025;2027BUD_V1;12;37054,000000000;M.PITOT;2026-08-19 15:50:47.089;QDL
MBWAY_PAR;6231;2025;2027BUD_V1;12;62082,000000000;M.PITOT;2026-08-19 15:50:47.089;QDL
MBWAY_LYO;616;2025;2027BUD_V1;12;21728,000000000;M.PITOT;2026-08-19 15:50:47.089;QDL
MBWAY_LYO;6231;2025;2027BUD_V1;12;37985,000000000;M.PITOT;2026-08-19 15:50:47.089;QDL
MBWAY_NAN;616;2025;2027BUD_V1;12;17604,000000000;M.PITOT;2026-08-19 15:50:47.089;QDL
MBWAY_NAN;6231;2025;2027BUD_V1;12;28666,000000000;M.PITOT;2026-08-19 15:50:47.089;QDL
MBWAY_BOR;616;2025;2027BUD_V1;12;15655,000000000;M.PITOT;2026-08-19 15:50:47.089;QDL
MBWAY_BOR;6231;2025;2027BUD_V1;12;22657,000000000;M.PITOT;2026-08-19 15:50:47.089;QDL
ISCOM_PAR;616;2025;2027BUD_V1;12;34338,000000000;M.PITOT;2026-08-19 15:50:47.089;QDL
ISCOM_PAR;6231;2025;2027BUD_V1;12;55272,000000000;M.PITOT;2026-08-19 15:50:47.089;QDL
ISCOM_LIL;616;2025;2027BUD_V1;12;13441,000000000;M.PITOT;2026-08-19 15:50:47.089;QDL
ISCOM_LIL;6231;2025;2027BUD_V1;12;22927,000000000;M.PITOT;2026-08-19 15:50:47.089;QDL
ISCOM_TLS;616;2025;2027BUD_V1;12;12448,000000000;M.PITOT;2026-08-19 15:50:47.089;QDL
ISCOM_TLS;6231;2025;2027BUD_V1;12;20076,000000000;M.PITOT;2026-08-19 15:50:47.089;QDL
IPAC_NAN;616;2025;2027BUD_V1;12;8682,000000000;M.PITOT;2026-08-19 15:50:47.089;QDL
IPAC_NAN;6231;2025;2027BUD_V1;12;19782,000000000;M.PITOT;2026-08-19 15:50:47.089;QDL
IPAC_REN;616;2025;2027BUD_V1;12;6165,000000000;M.PITOT;2026-08-19 15:50:47.089;QDL
IPAC_REN;6231;2025;2027BUD_V1;12;13575,000000000;M.PITOT;2026-08-19 15:50:47.089;QDL
IPAC_MTP;616;2025;2027BUD_V1;12;6165,000000000;M.PITOT;2026-08-19 15:50:47.089;QDL
IPAC_MTP;6231;2025;2027BUD_V1;12;13798,000000000;M.PITOT;2026-08-19 15:50:47.089;QDL
PIGIER_LYO;616;2025;2027BUD_V1;12;12205,000000000;M.PITOT;2026-08-19 15:50:47.089;QDL
PIGIER_LYO;6231;2025;2027BUD_V1;12;33284,000000000;M.PITOT;2026-08-19 15:50:47.089;QDL
PIGIER_BOR;616;2025;2027BUD_V1;12;8928,000000000;M.PITOT;2026-08-19 15:50:47.089;QDL
MBWAY_PAR;7062;2024;2027BUD_V1;12;2197935,000000000;M.PITOT;2026-08-19 15:50:47.089;QDL
PIGIER_BOR;6231;2025;2027BUD_V1;12;19971,000000000;M.PITOT;2026-08-19 15:50:47.089;QDL
TUNON_PAR;616;2025;2027BUD_V1;12;13386,000000000;M.PITOT;2026-08-19 15:50:47.089;QDL
MBWAY_LYO;7062;2024;2027BUD_V1;12;1748910,000000000;M.PITOT;2026-08-19 15:50:47.089;QDL
TUNON_PAR;6231;2025;2027BUD_V1;12;27491,000000000;M.PITOT;2026-08-19 15:50:47.089;QDL
TUNON_LYO;616;2025;2027BUD_V1;12;7846,000000000;M.PITOT;2026-08-19 15:50:47.089;QDL
MBWAY_NAN;7062;2024;2027BUD_V1;12;1510769,000000000;M.PITOT;2026-08-19 15:50:47.089;QDL
TUNON_LYO;6231;2025;2027BUD_V1;12;17136,000000000;M.PITOT;2026-08-19 15:50:47.089;QDL
MBWAY_PAR;616;2026;2027BUD_V1;12;38822,000000000;M.PITOT;2026-08-19 15:50:47.089;QDL
MBWAY_BOR;7062;2024;2027BUD_V1;12;1240125,000000000;M.PITOT;2026-08-19 15:50:47.089;QDL
MBWAY_PAR;6231;2026;2027BUD_V1;12;68291,000000000;M.PITOT;2026-08-19 15:50:47.089;QDL
MBWAY_LYO;616;2026;2027BUD_V1;12;22765,000000000;M.PITOT;2026-08-19 15:50:47.089;QDL
ISCOM_PAR;7062;2024;2027BUD_V1;12;2038946,000000000;M.PITOT;2026-08-19 15:50:47.089;QDL
MBWAY_LYO;6231;2026;2027BUD_V1;12;41783,000000000;M.PITOT;2026-08-19 15:50:47.089;QDL
MBWAY_NAN;616;2026;2027BUD_V1;12;18444,000000000;M.PITOT;2026-08-19 15:50:47.089;QDL
ISCOM_LIL;7062;2024;2027BUD_V1;12;1227617,000000000;M.PITOT;2026-08-19 15:50:47.089;QDL
MBWAY_NAN;6231;2026;2027BUD_V1;12;31533,000000000;M.PITOT;2026-08-19 15:50:47.089;QDL
MBWAY_BOR;616;2026;2027BUD_V1;12;16402,000000000;M.PITOT;2026-08-19 15:50:47.089;QDL
ISCOM_TLS;7062;2024;2027BUD_V1;12;1140192,000000000;M.PITOT;2026-08-19 15:50:47.089;QDL
MBWAY_BOR;6231;2026;2027BUD_V1;12;24923,000000000;M.PITOT;2026-08-19 15:50:47.089;QDL
ISCOM_PAR;616;2026;2027BUD_V1;12;35977,000000000;M.PITOT;2026-08-19 15:50:47.089;QDL
IPAC_NAN;7062;2024;2027BUD_V1;12;903346,000000000;M.PITOT;2026-08-19 15:50:47.089;QDL
ISCOM_PAR;6231;2026;2027BUD_V1;12;60800,000000000;M.PITOT;2026-08-19 15:50:47.089;QDL
ISCOM_LIL;616;2026;2027BUD_V1;12;14083,000000000;M.PITOT;2026-08-19 15:50:47.089;QDL
IPAC_REN;7062;2024;2027BUD_V1;12;692462,000000000;M.PITOT;2026-08-19 15:50:47.089;QDL
ISCOM_LIL;6231;2026;2027BUD_V1;12;25220,000000000;M.PITOT;2026-08-19 15:50:47.089;QDL
ISCOM_TLS;616;2026;2027BUD_V1;12;13042,000000000;M.PITOT;2026-08-19 15:50:47.089;QDL
IPAC_MTP;7062;2024;2027BUD_V1;12;692462,000000000;M.PITOT;2026-08-19 15:50:47.089;QDL
ISCOM_TLS;6231;2026;2027BUD_V1;12;22083,000000000;M.PITOT;2026-08-19 15:50:47.089;QDL
IPAC_NAN;616;2026;2027BUD_V1;12;9096,000000000;M.PITOT;2026-08-19 15:50:47.089;QDL
PIGIER_LYO;7062;2024;2027BUD_V1;12;1392311,000000000;M.PITOT;2026-08-19 15:50:47.089;QDL
IPAC_NAN;6231;2026;2027BUD_V1;12;21760,000000000;M.PITOT;2026-08-19 15:50:47.089;QDL
IPAC_REN;616;2026;2027BUD_V1;12;6459,000000000;M.PITOT;2026-08-19 15:50:47.089;QDL
PIGIER_BOR;7062;2024;2027BUD_V1;12;998123,000000000;M.PITOT;2026-08-19 15:50:47.089;QDL
IPAC_REN;6231;2026;2027BUD_V1;12;14933,000000000;M.PITOT;2026-08-19 15:50:47.089;QDL
IPAC_MTP;616;2026;2027BUD_V1;12;6459,000000000;M.PITOT;2026-08-19 15:50:47.089;QDL
TUNON_PAR;7062;2024;2027BUD_V1;12;962905,000000000;M.PITOT;2026-08-19 15:50:47.089;QDL
IPAC_MTP;6231;2026;2027BUD_V1;12;15178,000000000;M.PITOT;2026-08-19 15:50:47.089;QDL
PIGIER_LYO;616;2026;2027BUD_V1;12;12788,000000000;M.PITOT;2026-08-19 15:50:47.089;QDL
TUNON_LYO;7062;2024;2027BUD_V1;12;765352,000000000;M.PITOT;2026-08-19 15:50:47.089;QDL
PIGIER_LYO;6231;2026;2027BUD_V1;12;36612,000000000;M.PITOT;2026-08-19 15:50:47.089;QDL
PIGIER_BOR;616;2026;2027BUD_V1;12;9354,000000000;M.PITOT;2026-08-19 15:50:47.089;QDL
MBWAY_PAR;7062;2025;2027BUD_V1;12;2329811,000000000;M.PITOT;2026-08-19 15:50:47.089;QDL
PIGIER_BOR;6231;2026;2027BUD_V1;12;21968,000000000;M.PITOT;2026-08-19 15:50:47.089;QDL
TUNON_PAR;616;2026;2027BUD_V1;12;14025,000000000;M.PITOT;2026-08-19 15:50:47.089;QDL
MBWAY_LYO;7062;2025;2027BUD_V1;12;1853844,000000000;M.PITOT;2026-08-19 15:50:47.089;QDL
TUNON_PAR;6231;2026;2027BUD_V1;12;30240,000000000;M.PITOT;2026-08-19 15:50:47.089;QDL
TUNON_LYO;616;2026;2027BUD_V1;12;8221,000000000;M.PITOT;2026-08-19 15:50:47.089;QDL
MBWAY_NAN;7062;2025;2027BUD_V1;12;1601415,000000000;M.PITOT;2026-08-19 15:50:47.089;QDL
TUNON_LYO;6231;2026;2027BUD_V1;12;18850,000000000;M.PITOT;2026-08-19 15:50:47.089;QDL
GRP;6226;2024;2027BUD_V1;12;515487,000000000;M.PITOT;2026-08-19 15:50:47.089;QDL
MBWAY_BOR;7062;2025;2027BUD_V1;12;1314533,000000000;M.PITOT;2026-08-19 15:50:47.089;QDL
MBWAY_PAR;6411;2024;2027BUD_V1;12;552322,000000000;M.PITOT;2026-08-19 15:50:47.089;QDL
GRP;6226;2025;2027BUD_V1;12;539108,000000000;M.PITOT;2026-08-19 15:50:47.089;QDL
ISCOM_PAR;7062;2025;2027BUD_V1;12;2161283,000000000;M.PITOT;2026-08-19 15:50:47.089;QDL
MBWAY_LYO;6411;2024;2027BUD_V1;12;330938,000000000;M.PITOT;2026-08-19 15:50:47.089;QDL
GRP;6226;2026;2027BUD_V1;12;564841,000000000;M.PITOT;2026-08-19 15:50:47.089;QDL
ISCOM_LIL;7062;2025;2027BUD_V1;12;1301274,000000000;M.PITOT;2026-08-19 15:50:47.089;QDL
MBWAY_NAN;6411;2024;2027BUD_V1;12;272751,000000000;M.PITOT;2026-08-19 15:50:47.089;QDL
GRP;6236;2024;2027BUD_V1;12;499926,000000000;M.PITOT;2026-08-19 15:50:47.089;QDL
ISCOM_TLS;7062;2025;2027BUD_V1;12;1208604,000000000;M.PITOT;2026-08-19 15:50:47.089;QDL
MBWAY_BOR;6411;2024;2027BUD_V1;12;238657,000000000;M.PITOT;2026-08-19 15:50:47.089;QDL
GRP;6236;2025;2027BUD_V1;12;580167,000000000;M.PITOT;2026-08-19 15:50:47.089;QDL
IPAC_NAN;7062;2025;2027BUD_V1;12;957547,000000000;M.PITOT;2026-08-19 15:50:47.089;QDL
ISCOM_PAR;6411;2024;2027BUD_V1;12;552322,000000000;M.PITOT;2026-08-19 15:50:47.089;QDL
GRP;6236;2026;2027BUD_V1;12;676344,000000000;M.PITOT;2026-08-19 15:50:47.089;QDL
IPAC_REN;7062;2025;2027BUD_V1;12;734009,000000000;M.PITOT;2026-08-19 15:50:47.089;QDL
ISCOM_LIL;6411;2024;2027BUD_V1;12;209109,000000000;M.PITOT;2026-08-19 15:50:47.089;QDL
MBWAY_PAR;625;2024;2027BUD_V1;12;53145,000000000;M.PITOT;2026-08-19 15:50:47.089;QDL
IPAC_MTP;7062;2025;2027BUD_V1;12;734009,000000000;M.PITOT;2026-08-19 15:50:47.089;QDL
ISCOM_TLS;6411;2024;2027BUD_V1;12;204564,000000000;M.PITOT;2026-08-19 15:50:47.089;QDL
MBWAY_LYO;625;2024;2027BUD_V1;12;31164,000000000;M.PITOT;2026-08-19 15:50:47.089;QDL
PIGIER_LYO;7062;2025;2027BUD_V1;12;1461529,000000000;M.PITOT;2026-08-19 15:50:47.089;QDL
IPAC_NAN;6411;2024;2027BUD_V1;12;136376,000000000;M.PITOT;2026-08-19 15:50:47.089;QDL
MBWAY_NAN;625;2024;2027BUD_V1;12;25248,000000000;M.PITOT;2026-08-19 15:50:47.089;QDL
PIGIER_BOR;7062;2025;2027BUD_V1;12;1062157,000000000;M.PITOT;2026-08-19 15:50:47.089;QDL
IPAC_REN;6411;2024;2027BUD_V1;12;120011,000000000;M.PITOT;2026-08-19 15:50:47.089;QDL
MBWAY_BOR;625;2024;2027BUD_V1;12;22453,000000000;M.PITOT;2026-08-19 15:50:47.089;QDL
TUNON_PAR;7062;2025;2027BUD_V1;12;1020679,000000000;M.PITOT;2026-08-19 15:50:47.089;QDL
IPAC_MTP;6411;2024;2027BUD_V1;12;120011,000000000;M.PITOT;2026-08-19 15:50:47.089;QDL
ISCOM_PAR;625;2024;2027BUD_V1;12;49250,000000000;M.PITOT;2026-08-19 15:50:47.089;QDL
TUNON_LYO;7062;2025;2027BUD_V1;12;811274,000000000;M.PITOT;2026-08-19 15:50:47.089;QDL
PIGIER_LYO;6411;2024;2027BUD_V1;12;203654,000000000;M.PITOT;2026-08-19 15:50:47.089;QDL
ISCOM_LIL;625;2024;2027BUD_V1;12;19278,000000000;M.PITOT;2026-08-19 15:50:47.089;QDL
MBWAY_PAR;7062;2026;2027BUD_V1;12;2469600,000000000;M.PITOT;2026-08-19 15:50:47.089;QDL
PIGIER_BOR;6411;2024;2027BUD_V1;12;190926,000000000;M.PITOT;2026-08-19 15:50:47.089;QDL
ISCOM_TLS;625;2024;2027BUD_V1;12;17854,000000000;M.PITOT;2026-08-19 15:50:47.089;QDL
MBWAY_LYO;7062;2026;2027BUD_V1;12;1965075,000000000;M.PITOT;2026-08-19 15:50:47.089;QDL
TUNON_PAR;6411;2024;2027BUD_V1;12;220929,000000000;M.PITOT;2026-08-19 15:50:47.089;QDL
IPAC_NAN;625;2024;2027BUD_V1;12;12452,000000000;M.PITOT;2026-08-19 15:50:47.089;QDL
MBWAY_NAN;7062;2026;2027BUD_V1;12;1697500,000000000;M.PITOT;2026-08-19 15:50:47.089;QDL
TUNON_LYO;6411;2024;2027BUD_V1;12;152741,000000000;M.PITOT;2026-08-19 15:50:47.089;QDL
IPAC_REN;625;2024;2027BUD_V1;12;8842,000000000;M.PITOT;2026-08-19 15:50:47.089;QDL
MBWAY_BOR;7062;2026;2027BUD_V1;12;1393405,000000000;M.PITOT;2026-08-19 15:50:47.089;QDL
MBWAY_PAR;6411;2025;2027BUD_V1;12;577630,000000000;M.PITOT;2026-08-19 15:50:47.089;QDL
IPAC_MTP;625;2024;2027BUD_V1;12;8842,000000000;M.PITOT;2026-08-19 15:50:47.089;QDL
ISCOM_PAR;7062;2026;2027BUD_V1;12;2290960,000000000;M.PITOT;2026-08-19 15:50:47.089;QDL
MBWAY_LYO;6411;2025;2027BUD_V1;12;346103,000000000;M.PITOT;2026-08-19 15:50:47.089;QDL
PIGIER_LYO;625;2024;2027BUD_V1;12;17506,000000000;M.PITOT;2026-08-19 15:50:47.089;QDL
ISCOM_LIL;7062;2026;2027BUD_V1;12;1379350,000000000;M.PITOT;2026-08-19 15:50:47.089;QDL
MBWAY_NAN;6411;2025;2027BUD_V1;12;285249,000000000;M.PITOT;2026-08-19 15:50:47.089;QDL
PIGIER_BOR;625;2024;2027BUD_V1;12;12805,000000000;M.PITOT;2026-08-19 15:50:47.089;QDL
ISCOM_TLS;7062;2026;2027BUD_V1;12;1281120,000000000;M.PITOT;2026-08-19 15:50:47.089;QDL
MBWAY_BOR;6411;2025;2027BUD_V1;12;249593,000000000;M.PITOT;2026-08-19 15:50:47.089;QDL
TUNON_PAR;625;2024;2027BUD_V1;12;19199,000000000;M.PITOT;2026-08-19 15:50:47.089;QDL
IPAC_NAN;7062;2026;2027BUD_V1;12;1015000,000000000;M.PITOT;2026-08-19 15:50:47.089;QDL
ISCOM_PAR;6411;2025;2027BUD_V1;12;577630,000000000;M.PITOT;2026-08-19 15:50:47.089;QDL
TUNON_LYO;625;2024;2027BUD_V1;12;11254,000000000;M.PITOT;2026-08-19 15:50:47.089;QDL
IPAC_REN;7062;2026;2027BUD_V1;12;778050,000000000;M.PITOT;2026-08-19 15:50:47.089;QDL
ISCOM_LIL;6411;2025;2027BUD_V1;12;218691,000000000;M.PITOT;2026-08-19 15:50:47.089;QDL
MBWAY_PAR;625;2025;2027BUD_V1;12;55581,000000000;M.PITOT;2026-08-19 15:50:47.089;QDL
IPAC_MTP;7062;2026;2027BUD_V1;12;778050,000000000;M.PITOT;2026-08-19 15:50:47.089;QDL
ISCOM_TLS;6411;2025;2027BUD_V1;12;213937,000000000;M.PITOT;2026-08-19 15:50:47.089;QDL
MBWAY_LYO;625;2025;2027BUD_V1;12;32592,000000000;M.PITOT;2026-08-19 15:50:47.089;QDL
PIGIER_LYO;7062;2026;2027BUD_V1;12;1565550,000000000;M.PITOT;2026-08-19 15:50:47.089;QDL
IPAC_NAN;6411;2025;2027BUD_V1;12;142625,000000000;M.PITOT;2026-08-19 15:50:47.089;QDL
MBWAY_NAN;625;2025;2027BUD_V1;12;26405,000000000;M.PITOT;2026-08-19 15:50:47.089;QDL
PIGIER_BOR;7062;2026;2027BUD_V1;12;1126170,000000000;M.PITOT;2026-08-19 15:50:47.089;QDL
IPAC_REN;6411;2025;2027BUD_V1;12;125510,000000000;M.PITOT;2026-08-19 15:50:47.089;QDL
MBWAY_BOR;625;2025;2027BUD_V1;12;23482,000000000;M.PITOT;2026-08-19 15:50:47.089;QDL
TUNON_PAR;7062;2026;2027BUD_V1;12;1081920,000000000;M.PITOT;2026-08-19 15:50:47.089;QDL
IPAC_MTP;6411;2025;2027BUD_V1;12;125510,000000000;M.PITOT;2026-08-19 15:50:47.089;QDL
ISCOM_PAR;625;2025;2027BUD_V1;12;51507,000000000;M.PITOT;2026-08-19 15:50:47.089;QDL
TUNON_LYO;7062;2026;2027BUD_V1;12;859950,000000000;M.PITOT;2026-08-19 15:50:47.089;QDL
PIGIER_LYO;6411;2025;2027BUD_V1;12;212986,000000000;M.PITOT;2026-08-19 15:50:47.089;QDL
ISCOM_LIL;625;2025;2027BUD_V1;12;20161,000000000;M.PITOT;2026-08-19 15:50:47.089;QDL
MBWAY_PAR;706;2024;2027BUD_V1;12;583126,000000000;M.PITOT;2026-08-19 15:50:47.089;QDL
PIGIER_BOR;6411;2025;2027BUD_V1;12;199675,000000000;M.PITOT;2026-08-19 15:50:47.089;QDL
ISCOM_TLS;625;2025;2027BUD_V1;12;18672,000000000;M.PITOT;2026-08-19 15:50:47.089;QDL
MBWAY_LYO;706;2024;2027BUD_V1;12;462576,000000000;M.PITOT;2026-08-19 15:50:47.089;QDL
TUNON_PAR;6411;2025;2027BUD_V1;12;231052,000000000;M.PITOT;2026-08-19 15:50:47.089;QDL
IPAC_NAN;625;2025;2027BUD_V1;12;13023,000000000;M.PITOT;2026-08-19 15:50:47.089;QDL
MBWAY_NAN;706;2024;2027BUD_V1;12;400498,000000000;M.PITOT;2026-08-19 15:50:47.089;QDL
TUNON_LYO;6411;2025;2027BUD_V1;12;159740,000000000;M.PITOT;2026-08-19 15:50:47.089;QDL
IPAC_REN;625;2025;2027BUD_V1;12;9247,000000000;M.PITOT;2026-08-19 15:50:47.089;QDL
MBWAY_BOR;706;2024;2027BUD_V1;12;330211,000000000;M.PITOT;2026-08-19 15:50:47.089;QDL
MBWAY_PAR;6411;2026;2027BUD_V1;12;605202,000000000;M.PITOT;2026-08-19 15:50:47.089;QDL
IPAC_MTP;625;2025;2027BUD_V1;12;9247,000000000;M.PITOT;2026-08-19 15:50:47.089;QDL
ISCOM_PAR;706;2024;2027BUD_V1;12;538270,000000000;M.PITOT;2026-08-19 15:50:47.089;QDL
MBWAY_LYO;6411;2026;2027BUD_V1;12;362623,000000000;M.PITOT;2026-08-19 15:50:47.089;QDL
PIGIER_LYO;625;2025;2027BUD_V1;12;18308,000000000;M.PITOT;2026-08-19 15:50:47.089;QDL
ISCOM_LIL;706;2024;2027BUD_V1;12;327074,000000000;M.PITOT;2026-08-19 15:50:47.089;QDL
MBWAY_NAN;6411;2026;2027BUD_V1;12;298865,000000000;M.PITOT;2026-08-19 15:50:47.089;QDL
PIGIER_BOR;625;2025;2027BUD_V1;12;13391,000000000;M.PITOT;2026-08-19 15:50:47.089;QDL
ISCOM_TLS;706;2024;2027BUD_V1;12;301175,000000000;M.PITOT;2026-08-19 15:50:47.089;QDL
MBWAY_BOR;6411;2026;2027BUD_V1;12;261507,000000000;M.PITOT;2026-08-19 15:50:47.089;QDL
TUNON_PAR;625;2025;2027BUD_V1;12;20079,000000000;M.PITOT;2026-08-19 15:50:47.089;QDL
MBWAY_PAR;706;2025;2027BUD_V1;12;618113,000000000;M.PITOT;2026-08-19 15:50:47.089;QDL
ISCOM_PAR;6411;2026;2027BUD_V1;12;605202,000000000;M.PITOT;2026-08-19 15:50:47.089;QDL
TUNON_LYO;625;2025;2027BUD_V1;12;11769,000000000;M.PITOT;2026-08-19 15:50:47.089;QDL
MBWAY_LYO;706;2025;2027BUD_V1;12;490330,000000000;M.PITOT;2026-08-19 15:50:47.089;QDL
ISCOM_LIL;6411;2026;2027BUD_V1;12;229130,000000000;M.PITOT;2026-08-19 15:50:47.089;QDL
MBWAY_PAR;625;2026;2027BUD_V1;12;58234,000000000;M.PITOT;2026-08-19 15:50:47.089;QDL
MBWAY_NAN;706;2025;2027BUD_V1;12;424528,000000000;M.PITOT;2026-08-19 15:50:47.089;QDL
ISCOM_TLS;6411;2026;2027BUD_V1;12;224149,000000000;M.PITOT;2026-08-19 15:50:47.089;QDL
MBWAY_LYO;625;2026;2027BUD_V1;12;34147,000000000;M.PITOT;2026-08-19 15:50:47.089;QDL
MBWAY_BOR;706;2025;2027BUD_V1;12;350024,000000000;M.PITOT;2026-08-19 15:50:47.089;QDL
IPAC_NAN;6411;2026;2027BUD_V1;12;149433,000000000;M.PITOT;2026-08-19 15:50:47.089;QDL
MBWAY_NAN;625;2026;2027BUD_V1;12;27666,000000000;M.PITOT;2026-08-19 15:50:47.089;QDL
ISCOM_PAR;706;2025;2027BUD_V1;12;570566,000000000;M.PITOT;2026-08-19 15:50:47.089;QDL
IPAC_REN;6411;2026;2027BUD_V1;12;131501,000000000;M.PITOT;2026-08-19 15:50:47.089;QDL
MBWAY_BOR;625;2026;2027BUD_V1;12;24603,000000000;M.PITOT;2026-08-19 15:50:47.089;QDL
ISCOM_LIL;706;2025;2027BUD_V1;12;346698,000000000;M.PITOT;2026-08-19 15:50:47.089;QDL
IPAC_MTP;6411;2026;2027BUD_V1;12;131501,000000000;M.PITOT;2026-08-19 15:50:47.089;QDL
ISCOM_PAR;625;2026;2027BUD_V1;12;53965,000000000;M.PITOT;2026-08-19 15:50:47.089;QDL
ISCOM_TLS;706;2025;2027BUD_V1;12;319245,000000000;M.PITOT;2026-08-19 15:50:47.089;QDL
PIGIER_LYO;6411;2026;2027BUD_V1;12;223153,000000000;M.PITOT;2026-08-19 15:50:47.089;QDL
ISCOM_LIL;625;2026;2027BUD_V1;12;21124,000000000;M.PITOT;2026-08-19 15:50:47.089;QDL
MBWAY_PAR;706;2026;2027BUD_V1;12;655200,000000000;M.PITOT;2026-08-19 15:50:47.089;QDL
PIGIER_BOR;6411;2026;2027BUD_V1;12;209206,000000000;M.PITOT;2026-08-19 15:50:47.089;QDL
ISCOM_TLS;625;2026;2027BUD_V1;12;19564,000000000;M.PITOT;2026-08-19 15:50:47.089;QDL
MBWAY_LYO;706;2026;2027BUD_V1;12;519750,000000000;M.PITOT;2026-08-19 15:50:47.089;QDL
TUNON_PAR;6411;2026;2027BUD_V1;12;242081,000000000;M.PITOT;2026-08-19 15:50:47.089;QDL
IPAC_NAN;625;2026;2027BUD_V1;12;13645,000000000;M.PITOT;2026-08-19 15:50:47.089;QDL
MBWAY_NAN;706;2026;2027BUD_V1;12;450000,000000000;M.PITOT;2026-08-19 15:50:47.089;QDL
TUNON_LYO;6411;2026;2027BUD_V1;12;167364,000000000;M.PITOT;2026-08-19 15:50:47.089;QDL
IPAC_REN;625;2026;2027BUD_V1;12;9689,000000000;M.PITOT;2026-08-19 15:50:47.089;QDL
MBWAY_BOR;706;2026;2027BUD_V1;12;371025,000000000;M.PITOT;2026-08-19 15:50:47.089;QDL
MBWAY_PAR;6413;2024;2027BUD_V1;12;318872,000000000;M.PITOT;2026-08-19 15:50:47.089;QDL
IPAC_MTP;625;2026;2027BUD_V1;12;9689,000000000;M.PITOT;2026-08-19 15:50:47.089;QDL
ISCOM_PAR;706;2026;2027BUD_V1;12;604800,000000000;M.PITOT;2026-08-19 15:50:47.089;QDL
MBWAY_LYO;6413;2024;2027BUD_V1;12;186982,000000000;M.PITOT;2026-08-19 15:50:47.089;QDL
PIGIER_LYO;625;2026;2027BUD_V1;12;19182,000000000;M.PITOT;2026-08-19 15:50:47.089;QDL
ISCOM_LIL;706;2026;2027BUD_V1;12;367500,000000000;M.PITOT;2026-08-19 15:50:47.089;QDL
MBWAY_NAN;6413;2024;2027BUD_V1;12;151490,000000000;M.PITOT;2026-08-19 15:50:47.089;QDL
PIGIER_BOR;625;2026;2027BUD_V1;12;14030,000000000;M.PITOT;2026-08-19 15:50:47.089;QDL
ISCOM_TLS;706;2026;2027BUD_V1;12;338400,000000000;M.PITOT;2026-08-19 15:50:47.089;QDL
MBWAY_BOR;6413;2024;2027BUD_V1;12;134718,000000000;M.PITOT;2026-08-19 15:50:47.089;QDL
TUNON_PAR;625;2026;2027BUD_V1;12;21037,000000000;M.PITOT;2026-08-19 15:50:47.089;QDL
MBWAY_PAR;708;2024;2027BUD_V1;12;12496,000000000;M.PITOT;2026-08-19 15:50:47.089;QDL
ISCOM_PAR;6413;2024;2027BUD_V1;12;295499,000000000;M.PITOT;2026-08-19 15:50:47.089;QDL
TUNON_LYO;625;2026;2027BUD_V1;12;12331,000000000;M.PITOT;2026-08-19 15:50:47.089;QDL
MBWAY_LYO;708;2024;2027BUD_V1;12;10573,000000000;M.PITOT;2026-08-19 15:50:47.089;QDL
ISCOM_LIL;6413;2024;2027BUD_V1;12;115669,000000000;M.PITOT;2026-08-19 15:50:47.089;QDL
GRP;626;2024;2027BUD_V1;12;412389,000000000;M.PITOT;2026-08-19 15:50:47.089;QDL
MBWAY_NAN;708;2024;2027BUD_V1;12;9612,000000000;M.PITOT;2026-08-19 15:50:47.089;QDL
ISCOM_TLS;6413;2024;2027BUD_V1;12;107125,000000000;M.PITOT;2026-08-19 15:50:47.089;QDL
GRP;626;2025;2027BUD_V1;12;431286,000000000;M.PITOT;2026-08-19 15:50:47.089;QDL
MBWAY_BOR;708;2024;2027BUD_V1;12;8170,000000000;M.PITOT;2026-08-19 15:50:47.089;QDL
IPAC_NAN;6413;2024;2027BUD_V1;12;74715,000000000;M.PITOT;2026-08-19 15:50:47.089;QDL
GRP;626;2026;2027BUD_V1;12;451872,000000000;M.PITOT;2026-08-19 15:50:47.089;QDL
ISCOM_PAR;708;2024;2027BUD_V1;12;11534,000000000;M.PITOT;2026-08-19 15:50:47.089;QDL
IPAC_REN;6413;2024;2027BUD_V1;12;53053,000000000;M.PITOT;2026-08-19 15:50:47.089;QDL
GRP;6281;2024;2027BUD_V1;12;164956,000000000;M.PITOT;2026-08-19 15:50:47.089;QDL
ISCOM_LIL;708;2024;2027BUD_V1;12;8010,000000000;M.PITOT;2026-08-19 15:50:47.089;QDL
IPAC_MTP;6413;2024;2027BUD_V1;12;53053,000000000;M.PITOT;2026-08-19 15:50:47.089;QDL
GRP;6281;2025;2027BUD_V1;12;172514,000000000;M.PITOT;2026-08-19 15:50:47.089;QDL
ISCOM_TLS;708;2024;2027BUD_V1;12;7529,000000000;M.PITOT;2026-08-19 15:50:47.089;QDL
PIGIER_LYO;6413;2024;2027BUD_V1;12;105033,000000000;M.PITOT;2026-08-19 15:50:47.089;QDL
GRP;6281;2026;2027BUD_V1;12;180749,000000000;M.PITOT;2026-08-19 15:50:47.089;QDL
IPAC_NAN;708;2024;2027BUD_V1;12;4005,000000000;M.PITOT;2026-08-19 15:50:47.089;QDL
PIGIER_BOR;6413;2024;2027BUD_V1;12;76827,000000000;M.PITOT;2026-08-19 15:50:47.089;QDL
GRP;6331;2024;2027BUD_V1;12;309292,000000000;M.PITOT;2026-08-19 15:50:47.089;QDL
IPAC_REN;708;2024;2027BUD_V1;12;3204,000000000;M.PITOT;2026-08-19 15:50:47.089;QDL
TUNON_PAR;6413;2024;2027BUD_V1;12;115195,000000000;M.PITOT;2026-08-19 15:50:47.089;QDL
GRP;6331;2025;2027BUD_V1;12;323465,000000000;M.PITOT;2026-08-19 15:50:47.089;QDL
IPAC_MTP;708;2024;2027BUD_V1;12;3204,000000000;M.PITOT;2026-08-19 15:50:47.089;QDL
TUNON_LYO;6413;2024;2027BUD_V1;12;67521,000000000;M.PITOT;2026-08-19 15:50:47.089;QDL
GRP;6331;2026;2027BUD_V1;12;338904,000000000;M.PITOT;2026-08-19 15:50:47.089;QDL
PIGIER_LYO;708;2024;2027BUD_V1;12;7369,000000000;M.PITOT;2026-08-19 15:50:47.089;QDL
MBWAY_PAR;6413;2025;2027BUD_V1;12;333483,000000000;M.PITOT;2026-08-19 15:50:47.089;QDL
MBWAY_PAR;63511;2024;2027BUD_V1;12;32490,000000000;M.PITOT;2026-08-19 15:50:47.089;QDL
PIGIER_BOR;708;2024;2027BUD_V1;12;5767,000000000;M.PITOT;2026-08-19 15:50:47.089;QDL
MBWAY_LYO;6413;2025;2027BUD_V1;12;195550,000000000;M.PITOT;2026-08-19 15:50:47.089;QDL
MBWAY_LYO;63511;2024;2027BUD_V1;12;19467,000000000;M.PITOT;2026-08-19 15:50:47.089;QDL
TUNON_PAR;708;2024;2027BUD_V1;12;3765,000000000;M.PITOT;2026-08-19 15:50:47.089;QDL
MBWAY_NAN;6413;2025;2027BUD_V1;12;158432,000000000;M.PITOT;2026-08-19 15:50:47.089;QDL
MBWAY_NAN;63511;2024;2027BUD_V1;12;16044,000000000;M.PITOT;2026-08-19 15:50:47.089;QDL
TUNON_LYO;708;2024;2027BUD_V1;12;3204,000000000;M.PITOT;2026-08-19 15:50:47.089;QDL
MBWAY_BOR;6413;2025;2027BUD_V1;12;140891,000000000;M.PITOT;2026-08-19 15:50:47.089;QDL
MBWAY_BOR;63511;2024;2027BUD_V1;12;14039,000000000;M.PITOT;2026-08-19 15:50:47.089;QDL
MBWAY_PAR;708;2025;2027BUD_V1;12;13245,000000000;M.PITOT;2026-08-19 15:50:47.089;QDL
ISCOM_PAR;6413;2025;2027BUD_V1;12;309039,000000000;M.PITOT;2026-08-19 15:50:47.089;QDL
ISCOM_PAR;63511;2024;2027BUD_V1;12;32490,000000000;M.PITOT;2026-08-19 15:50:47.089;QDL
MBWAY_LYO;708;2025;2027BUD_V1;12;11208,000000000;M.PITOT;2026-08-19 15:50:47.089;QDL
ISCOM_LIL;6413;2025;2027BUD_V1;12;120969,000000000;M.PITOT;2026-08-19 15:50:47.089;QDL
ISCOM_LIL;63511;2024;2027BUD_V1;12;12301,000000000;M.PITOT;2026-08-19 15:50:47.089;QDL
MBWAY_NAN;708;2025;2027BUD_V1;12;10189,000000000;M.PITOT;2026-08-19 15:50:47.089;QDL
ISCOM_TLS;6413;2025;2027BUD_V1;12;112034,000000000;M.PITOT;2026-08-19 15:50:47.089;QDL
ISCOM_TLS;63511;2024;2027BUD_V1;12;12033,000000000;M.PITOT;2026-08-19 15:50:47.089;QDL
MBWAY_BOR;708;2025;2027BUD_V1;12;8660,000000000;M.PITOT;2026-08-19 15:50:47.089;QDL
IPAC_NAN;6413;2025;2027BUD_V1;12;78138,000000000;M.PITOT;2026-08-19 15:50:47.089;QDL
IPAC_NAN;63511;2024;2027BUD_V1;12;8022,000000000;M.PITOT;2026-08-19 15:50:47.089;QDL
ISCOM_PAR;708;2025;2027BUD_V1;12;12226,000000000;M.PITOT;2026-08-19 15:50:47.089;QDL
IPAC_REN;6413;2025;2027BUD_V1;12;55484,000000000;M.PITOT;2026-08-19 15:50:47.089;QDL
IPAC_REN;63511;2024;2027BUD_V1;12;7059,000000000;M.PITOT;2026-08-19 15:50:47.089;QDL
ISCOM_LIL;708;2025;2027BUD_V1;12;8491,000000000;M.PITOT;2026-08-19 15:50:47.089;QDL
IPAC_MTP;6413;2025;2027BUD_V1;12;55484,000000000;M.PITOT;2026-08-19 15:50:47.089;QDL
IPAC_MTP;63511;2024;2027BUD_V1;12;7059,000000000;M.PITOT;2026-08-19 15:50:47.089;QDL
ISCOM_TLS;708;2025;2027BUD_V1;12;7981,000000000;M.PITOT;2026-08-19 15:50:47.089;QDL
PIGIER_LYO;6413;2025;2027BUD_V1;12;109846,000000000;M.PITOT;2026-08-19 15:50:47.089;QDL
PIGIER_LYO;63511;2024;2027BUD_V1;12;11980,000000000;M.PITOT;2026-08-19 15:50:47.089;QDL
IPAC_NAN;708;2025;2027BUD_V1;12;4245,000000000;M.PITOT;2026-08-19 15:50:47.089;QDL
PIGIER_BOR;6413;2025;2027BUD_V1;12;80348,000000000;M.PITOT;2026-08-19 15:50:47.089;QDL
PIGIER_BOR;63511;2024;2027BUD_V1;12;11231,000000000;M.PITOT;2026-08-19 15:50:47.089;QDL
IPAC_REN;708;2025;2027BUD_V1;12;3396,000000000;M.PITOT;2026-08-19 15:50:47.089;QDL
TUNON_PAR;6413;2025;2027BUD_V1;12;120473,000000000;M.PITOT;2026-08-19 15:50:47.089;QDL
TUNON_PAR;63511;2024;2027BUD_V1;12;12996,000000000;M.PITOT;2026-08-19 15:50:47.089;QDL
IPAC_MTP;708;2025;2027BUD_V1;12;3396,000000000;M.PITOT;2026-08-19 15:50:47.089;QDL
TUNON_LYO;6413;2025;2027BUD_V1;12;70615,000000000;M.PITOT;2026-08-19 15:50:47.089;QDL
TUNON_LYO;63511;2024;2027BUD_V1;12;8985,000000000;M.PITOT;2026-08-19 15:50:47.089;QDL
PIGIER_LYO;708;2025;2027BUD_V1;12;7811,000000000;M.PITOT;2026-08-19 15:50:47.089;QDL
MBWAY_PAR;6413;2026;2027BUD_V1;12;349401,000000000;M.PITOT;2026-08-19 15:50:47.089;QDL
MBWAY_PAR;63511;2025;2027BUD_V1;12;33978,000000000;M.PITOT;2026-08-19 15:50:47.089;QDL
PIGIER_BOR;708;2025;2027BUD_V1;12;6113,000000000;M.PITOT;2026-08-19 15:50:47.089;QDL
MBWAY_LYO;6413;2026;2027BUD_V1;12;204885,000000000;M.PITOT;2026-08-19 15:50:47.089;QDL
MBWAY_LYO;63511;2025;2027BUD_V1;12;20359,000000000;M.PITOT;2026-08-19 15:50:47.089;QDL
TUNON_PAR;708;2025;2027BUD_V1;12;3991,000000000;M.PITOT;2026-08-19 15:50:47.089;QDL
MBWAY_NAN;6413;2026;2027BUD_V1;12;165994,000000000;M.PITOT;2026-08-19 15:50:47.089;QDL
MBWAY_NAN;63511;2025;2027BUD_V1;12;16779,000000000;M.PITOT;2026-08-19 15:50:47.089;QDL
TUNON_LYO;708;2025;2027BUD_V1;12;3396,000000000;M.PITOT;2026-08-19 15:50:47.089;QDL
MBWAY_BOR;6413;2026;2027BUD_V1;12;147616,000000000;M.PITOT;2026-08-19 15:50:47.089;QDL
MBWAY_BOR;63511;2025;2027BUD_V1;12;14682,000000000;M.PITOT;2026-08-19 15:50:47.089;QDL
MBWAY_PAR;708;2026;2027BUD_V1;12;14040,000000000;M.PITOT;2026-08-19 15:50:47.089;QDL
ISCOM_PAR;6413;2026;2027BUD_V1;12;323791,000000000;M.PITOT;2026-08-19 15:50:47.089;QDL
ISCOM_PAR;63511;2025;2027BUD_V1;12;33978,000000000;M.PITOT;2026-08-19 15:50:47.089;QDL
MBWAY_LYO;708;2026;2027BUD_V1;12;11880,000000000;M.PITOT;2026-08-19 15:50:47.089;QDL
ISCOM_LIL;6413;2026;2027BUD_V1;12;126743,000000000;M.PITOT;2026-08-19 15:50:47.089;QDL
ISCOM_LIL;63511;2025;2027BUD_V1;12;12864,000000000;M.PITOT;2026-08-19 15:50:47.089;QDL
MBWAY_NAN;708;2026;2027BUD_V1;12;10800,000000000;M.PITOT;2026-08-19 15:50:47.089;QDL
ISCOM_TLS;6413;2026;2027BUD_V1;12;117382,000000000;M.PITOT;2026-08-19 15:50:47.089;QDL
ISCOM_TLS;63511;2025;2027BUD_V1;12;12585,000000000;M.PITOT;2026-08-19 15:50:47.089;QDL
MBWAY_BOR;708;2026;2027BUD_V1;12;9180,000000000;M.PITOT;2026-08-19 15:50:47.089;QDL
IPAC_NAN;6413;2026;2027BUD_V1;12;81868,000000000;M.PITOT;2026-08-19 15:50:47.089;QDL
IPAC_NAN;63511;2025;2027BUD_V1;12;8390,000000000;M.PITOT;2026-08-19 15:50:47.089;QDL
ISCOM_PAR;708;2026;2027BUD_V1;12;12960,000000000;M.PITOT;2026-08-19 15:50:47.089;QDL
IPAC_REN;6413;2026;2027BUD_V1;12;58132,000000000;M.PITOT;2026-08-19 15:50:47.089;QDL
IPAC_REN;63511;2025;2027BUD_V1;12;7383,000000000;M.PITOT;2026-08-19 15:50:47.089;QDL
ISCOM_LIL;708;2026;2027BUD_V1;12;9000,000000000;M.PITOT;2026-08-19 15:50:47.089;QDL
IPAC_MTP;6413;2026;2027BUD_V1;12;58132,000000000;M.PITOT;2026-08-19 15:50:47.089;QDL
IPAC_MTP;63511;2025;2027BUD_V1;12;7383,000000000;M.PITOT;2026-08-19 15:50:47.089;QDL
ISCOM_TLS;708;2026;2027BUD_V1;12;8460,000000000;M.PITOT;2026-08-19 15:50:47.089;QDL
PIGIER_LYO;6413;2026;2027BUD_V1;12;115089,000000000;M.PITOT;2026-08-19 15:50:47.089;QDL
PIGIER_LYO;63511;2025;2027BUD_V1;12;12529,000000000;M.PITOT;2026-08-19 15:50:47.089;QDL
IPAC_NAN;708;2026;2027BUD_V1;12;4500,000000000;M.PITOT;2026-08-19 15:50:47.089;QDL
PIGIER_BOR;6413;2026;2027BUD_V1;12;84183,000000000;M.PITOT;2026-08-19 15:50:47.089;QDL
PIGIER_BOR;63511;2025;2027BUD_V1;12;11746,000000000;M.PITOT;2026-08-19 15:50:47.089;QDL
IPAC_REN;708;2026;2027BUD_V1;12;3600,000000000;M.PITOT;2026-08-19 15:50:47.089;QDL
TUNON_PAR;6413;2026;2027BUD_V1;12;126224,000000000;M.PITOT;2026-08-19 15:50:47.089;QDL
TUNON_PAR;63511;2025;2027BUD_V1;12;13591,000000000;M.PITOT;2026-08-19 15:50:47.089;QDL
IPAC_MTP;708;2026;2027BUD_V1;12;3600,000000000;M.PITOT;2026-08-19 15:50:47.089;QDL
TUNON_LYO;6413;2026;2027BUD_V1;12;73986,000000000;M.PITOT;2026-08-19 15:50:47.089;QDL
TUNON_LYO;63511;2025;2027BUD_V1;12;9396,000000000;M.PITOT;2026-08-19 15:50:47.089;QDL
PIGIER_LYO;708;2026;2027BUD_V1;12;8280,000000000;M.PITOT;2026-08-19 15:50:47.089;QDL
GRP;6414;2024;2027BUD_V1;12;1134071,000000000;M.PITOT;2026-08-19 15:50:47.089;QDL
MBWAY_PAR;63511;2026;2027BUD_V1;12;35600,000000000;M.PITOT;2026-08-19 15:50:47.089;QDL
PIGIER_BOR;708;2026;2027BUD_V1;12;6480,000000000;M.PITOT;2026-08-19 15:50:47.089;QDL
GRP;6414;2025;2027BUD_V1;12;1186037,000000000;M.PITOT;2026-08-19 15:50:47.089;QDL
MBWAY_LYO;63511;2026;2027BUD_V1;12;21331,000000000;M.PITOT;2026-08-19 15:50:47.089;QDL
TUNON_PAR;708;2026;2027BUD_V1;12;4230,000000000;M.PITOT;2026-08-19 15:50:47.089;QDL
GRP;6414;2026;2027BUD_V1;12;1242649,000000000;M.PITOT;2026-08-19 15:50:47.089;QDL
MBWAY_NAN;63511;2026;2027BUD_V1;12;17580,000000000;M.PITOT;2026-08-19 15:50:47.089;QDL
TUNON_LYO;708;2026;2027BUD_V1;12;3600,000000000;M.PITOT;2026-08-19 15:50:47.089;QDL
MBWAY_PAR;645;2024;2027BUD_V1;12;496023,000000000;M.PITOT;2026-08-19 15:50:47.089;QDL
MBWAY_BOR;63511;2026;2027BUD_V1;12;15383,000000000;M.PITOT;2026-08-19 15:50:47.089;QDL
MBWAY_PAR;621;2024;2027BUD_V1;12;165271,000000000;M.PITOT;2026-08-19 15:50:47.089;QDL
MBWAY_LYO;645;2024;2027BUD_V1;12;290862,000000000;M.PITOT;2026-08-19 15:50:47.089;QDL
ISCOM_PAR;63511;2026;2027BUD_V1;12;35600,000000000;M.PITOT;2026-08-19 15:50:47.089;QDL
MBWAY_LYO;621;2024;2027BUD_V1;12;143235,000000000;M.PITOT;2026-08-19 15:50:47.089;QDL
MBWAY_NAN;645;2024;2027BUD_V1;12;235652,000000000;M.PITOT;2026-08-19 15:50:47.089;QDL
ISCOM_LIL;63511;2026;2027BUD_V1;12;13478,000000000;M.PITOT;2026-08-19 15:50:47.089;QDL
MBWAY_NAN;621;2024;2027BUD_V1;12;132216,000000000;M.PITOT;2026-08-19 15:50:47.089;QDL
MBWAY_BOR;645;2024;2027BUD_V1;12;209562,000000000;M.PITOT;2026-08-19 15:50:47.089;QDL
ISCOM_TLS;63511;2026;2027BUD_V1;12;13185,000000000;M.PITOT;2026-08-19 15:50:47.089;QDL
MBWAY_BOR;621;2024;2027BUD_V1;12;110180,000000000;M.PITOT;2026-08-19 15:50:47.089;QDL
ISCOM_PAR;645;2024;2027BUD_V1;12;459665,000000000;M.PITOT;2026-08-19 15:50:47.089;QDL
IPAC_NAN;63511;2026;2027BUD_V1;12;8790,000000000;M.PITOT;2026-08-19 15:50:47.089;QDL
ISCOM_PAR;621;2024;2027BUD_V1;12;165271,000000000;M.PITOT;2026-08-19 15:50:47.089;QDL
ISCOM_LIL;645;2024;2027BUD_V1;12;179929,000000000;M.PITOT;2026-08-19 15:50:47.089;QDL
IPAC_REN;63511;2026;2027BUD_V1;12;7735,000000000;M.PITOT;2026-08-19 15:50:47.089;QDL
ISCOM_LIL;621;2024;2027BUD_V1;12;110180,000000000;M.PITOT;2026-08-19 15:50:47.089;QDL
ISCOM_TLS;645;2024;2027BUD_V1;12;166639,000000000;M.PITOT;2026-08-19 15:50:47.089;QDL
IPAC_MTP;63511;2026;2027BUD_V1;12;7735,000000000;M.PITOT;2026-08-19 15:50:47.089;QDL
ISCOM_TLS;621;2024;2027BUD_V1;12;110180,000000000;M.PITOT;2026-08-19 15:50:47.089;QDL
IPAC_NAN;645;2024;2027BUD_V1;12;116223,000000000;M.PITOT;2026-08-19 15:50:47.089;QDL
PIGIER_LYO;63511;2026;2027BUD_V1;12;13127,000000000;M.PITOT;2026-08-19 15:50:47.089;QDL
IPAC_NAN;621;2024;2027BUD_V1;12;66108,000000000;M.PITOT;2026-08-19 15:50:47.089;QDL
IPAC_REN;645;2024;2027BUD_V1;12;82526,000000000;M.PITOT;2026-08-19 15:50:47.089;QDL
PIGIER_BOR;63511;2026;2027BUD_V1;12;12306,000000000;M.PITOT;2026-08-19 15:50:47.089;QDL
IPAC_REN;621;2024;2027BUD_V1;12;66108,000000000;M.PITOT;2026-08-19 15:50:47.089;QDL
IPAC_MTP;645;2024;2027BUD_V1;12;82526,000000000;M.PITOT;2026-08-19 15:50:47.089;QDL
TUNON_PAR;63511;2026;2027BUD_V1;12;14240,000000000;M.PITOT;2026-08-19 15:50:47.089;QDL
IPAC_MTP;621;2024;2027BUD_V1;12;66108,000000000;M.PITOT;2026-08-19 15:50:47.089;QDL
PIGIER_LYO;645;2024;2027BUD_V1;12;163385,000000000;M.PITOT;2026-08-19 15:50:47.089;QDL
TUNON_LYO;63511;2026;2027BUD_V1;12;9845,000000000;M.PITOT;2026-08-19 15:50:47.089;QDL
PIGIER_LYO;621;2024;2027BUD_V1;12;88144,000000000;M.PITOT;2026-08-19 15:50:47.089;QDL
PIGIER_BOR;645;2024;2027BUD_V1;12;119509,000000000;M.PITOT;2026-08-19 15:50:47.089;QDL
GRP;6333;2024;2027BUD_V1;12;103097,000000000;M.PITOT;2026-08-19 15:50:47.089;QDL
PIGIER_BOR;621;2024;2027BUD_V1;12;88144,000000000;M.PITOT;2026-08-19 15:50:47.089;QDL
TUNON_PAR;645;2024;2027BUD_V1;12;179192,000000000;M.PITOT;2026-08-19 15:50:47.089;QDL
GRP;6333;2025;2027BUD_V1;12;107822,000000000;M.PITOT;2026-08-19 15:50:47.089;QDL
TUNON_PAR;621;2024;2027BUD_V1;12;66108,000000000;M.PITOT;2026-08-19 15:50:47.089;QDL
TUNON_LYO;645;2024;2027BUD_V1;12;105033,000000000;M.PITOT;2026-08-19 15:50:47.089;QDL
GRP;6333;2026;2027BUD_V1;12;112968,000000000;M.PITOT;2026-08-19 15:50:47.089;QDL
TUNON_LYO;621;2024;2027BUD_V1;12;66108,000000000;M.PITOT;2026-08-19 15:50:47.089;QDL
MBWAY_PAR;645;2025;2027BUD_V1;12;518752,000000000;M.PITOT;2026-08-19 15:50:47.089;QDL
MBWAY_PAR;6811;2024;2027BUD_V1;12;137849,000000000;M.PITOT;2026-08-19 15:50:47.089;QDL
MBWAY_PAR;621;2025;2027BUD_V1;12;172844,000000000;M.PITOT;2026-08-19 15:50:47.089;QDL
MBWAY_LYO;645;2025;2027BUD_V1;12;304190,000000000;M.PITOT;2026-08-19 15:50:47.089;QDL
MBWAY_LYO;6811;2024;2027BUD_V1;12;119469,000000000;M.PITOT;2026-08-19 15:50:47.089;QDL
MBWAY_LYO;621;2025;2027BUD_V1;12;149798,000000000;M.PITOT;2026-08-19 15:50:47.089;QDL
MBWAY_NAN;645;2025;2027BUD_V1;12;246450,000000000;M.PITOT;2026-08-19 15:50:47.089;QDL
MBWAY_NAN;6811;2024;2027BUD_V1;12;110279,000000000;M.PITOT;2026-08-19 15:50:47.089;QDL
MBWAY_NAN;621;2025;2027BUD_V1;12;138275,000000000;M.PITOT;2026-08-19 15:50:47.089;QDL
MBWAY_BOR;645;2025;2027BUD_V1;12;219164,000000000;M.PITOT;2026-08-19 15:50:47.089;QDL
MBWAY_BOR;6811;2024;2027BUD_V1;12;91900,000000000;M.PITOT;2026-08-19 15:50:47.089;QDL
MBWAY_BOR;621;2025;2027BUD_V1;12;115229,000000000;M.PITOT;2026-08-19 15:50:47.089;QDL
ISCOM_PAR;645;2025;2027BUD_V1;12;480728,000000000;M.PITOT;2026-08-19 15:50:47.089;QDL
ISCOM_PAR;6811;2024;2027BUD_V1;12;137849,000000000;M.PITOT;2026-08-19 15:50:47.089;QDL
ISCOM_PAR;621;2025;2027BUD_V1;12;172844,000000000;M.PITOT;2026-08-19 15:50:47.089;QDL
ISCOM_LIL;645;2025;2027BUD_V1;12;188174,000000000;M.PITOT;2026-08-19 15:50:47.089;QDL
ISCOM_LIL;6811;2024;2027BUD_V1;12;91900,000000000;M.PITOT;2026-08-19 15:50:47.089;QDL
ISCOM_LIL;621;2025;2027BUD_V1;12;115229,000000000;M.PITOT;2026-08-19 15:50:47.089;QDL
ISCOM_TLS;645;2025;2027BUD_V1;12;174275,000000000;M.PITOT;2026-08-19 15:50:47.089;QDL
ISCOM_TLS;6811;2024;2027BUD_V1;12;91900,000000000;M.PITOT;2026-08-19 15:50:47.089;QDL
ISCOM_TLS;621;2025;2027BUD_V1;12;115229,000000000;M.PITOT;2026-08-19 15:50:47.089;QDL
IPAC_NAN;645;2025;2027BUD_V1;12;121548,000000000;M.PITOT;2026-08-19 15:50:47.089;QDL
IPAC_NAN;6811;2024;2027BUD_V1;12;55140,000000000;M.PITOT;2026-08-19 15:50:47.089;QDL
IPAC_NAN;621;2025;2027BUD_V1;12;69137,000000000;M.PITOT;2026-08-19 15:50:47.089;QDL
IPAC_REN;645;2025;2027BUD_V1;12;86308,000000000;M.PITOT;2026-08-19 15:50:47.089;QDL
IPAC_REN;6811;2024;2027BUD_V1;12;55140,000000000;M.PITOT;2026-08-19 15:50:47.089;QDL
IPAC_REN;621;2025;2027BUD_V1;12;69137,000000000;M.PITOT;2026-08-19 15:50:47.089;QDL
IPAC_MTP;645;2025;2027BUD_V1;12;86308,000000000;M.PITOT;2026-08-19 15:50:47.089;QDL
IPAC_MTP;6811;2024;2027BUD_V1;12;55140,000000000;M.PITOT;2026-08-19 15:50:47.089;QDL
IPAC_MTP;621;2025;2027BUD_V1;12;69137,000000000;M.PITOT;2026-08-19 15:50:47.089;QDL
PIGIER_LYO;645;2025;2027BUD_V1;12;170872,000000000;M.PITOT;2026-08-19 15:50:47.089;QDL
PIGIER_LYO;6811;2024;2027BUD_V1;12;73520,000000000;M.PITOT;2026-08-19 15:50:47.089;QDL
PIGIER_LYO;621;2025;2027BUD_V1;12;92183,000000000;M.PITOT;2026-08-19 15:50:47.089;QDL
PIGIER_BOR;645;2025;2027BUD_V1;12;124985,000000000;M.PITOT;2026-08-19 15:50:47.089;QDL
PIGIER_BOR;6811;2024;2027BUD_V1;12;73520,000000000;M.PITOT;2026-08-19 15:50:47.089;QDL
PIGIER_BOR;621;2025;2027BUD_V1;12;92183,000000000;M.PITOT;2026-08-19 15:50:47.089;QDL
TUNON_PAR;645;2025;2027BUD_V1;12;187402,000000000;M.PITOT;2026-08-19 15:50:47.089;QDL
TUNON_PAR;6811;2024;2027BUD_V1;12;55140,000000000;M.PITOT;2026-08-19 15:50:47.089;QDL
TUNON_PAR;621;2025;2027BUD_V1;12;69137,000000000;M.PITOT;2026-08-19 15:50:47.089;QDL
TUNON_LYO;645;2025;2027BUD_V1;12;109846,000000000;M.PITOT;2026-08-19 15:50:47.089;QDL
TUNON_LYO;6811;2024;2027BUD_V1;12;55140,000000000;M.PITOT;2026-08-19 15:50:47.089;QDL
TUNON_LYO;621;2025;2027BUD_V1;12;69137,000000000;M.PITOT;2026-08-19 15:50:47.089;QDL
MBWAY_PAR;645;2026;2027BUD_V1;12;543513,000000000;M.PITOT;2026-08-19 15:50:47.089;QDL
MBWAY_PAR;6811;2025;2027BUD_V1;12;146120,000000000;M.PITOT;2026-08-19 15:50:47.089;QDL
MBWAY_PAR;621;2026;2027BUD_V1;12;181094,000000000;M.PITOT;2026-08-19 15:50:47.089;QDL
MBWAY_LYO;645;2026;2027BUD_V1;12;318709,000000000;M.PITOT;2026-08-19 15:50:47.089;QDL
MBWAY_LYO;6811;2025;2027BUD_V1;12;126638,000000000;M.PITOT;2026-08-19 15:50:47.089;QDL
MBWAY_LYO;621;2026;2027BUD_V1;12;156948,000000000;M.PITOT;2026-08-19 15:50:47.089;QDL
MBWAY_NAN;645;2026;2027BUD_V1;12;258214,000000000;M.PITOT;2026-08-19 15:50:47.089;QDL
MBWAY_NAN;6811;2025;2027BUD_V1;12;116896,000000000;M.PITOT;2026-08-19 15:50:47.089;QDL
MBWAY_NAN;621;2026;2027BUD_V1;12;144875,000000000;M.PITOT;2026-08-19 15:50:47.089;QDL
MBWAY_BOR;645;2026;2027BUD_V1;12;229626,000000000;M.PITOT;2026-08-19 15:50:47.089;QDL
MBWAY_BOR;6811;2025;2027BUD_V1;12;97413,000000000;M.PITOT;2026-08-19 15:50:47.089;QDL
MBWAY_BOR;621;2026;2027BUD_V1;12;120729,000000000;M.PITOT;2026-08-19 15:50:47.089;QDL
ISCOM_PAR;645;2026;2027BUD_V1;12;503674,000000000;M.PITOT;2026-08-19 15:50:47.089;QDL
ISCOM_PAR;6811;2025;2027BUD_V1;12;146120,000000000;M.PITOT;2026-08-19 15:50:47.089;QDL
ISCOM_PAR;621;2026;2027BUD_V1;12;181094,000000000;M.PITOT;2026-08-19 15:50:47.089;QDL
ISCOM_LIL;645;2026;2027BUD_V1;12;197156,000000000;M.PITOT;2026-08-19 15:50:47.089;QDL
ISCOM_LIL;6811;2025;2027BUD_V1;12;97413,000000000;M.PITOT;2026-08-19 15:50:47.089;QDL
ISCOM_LIL;621;2026;2027BUD_V1;12;120729,000000000;M.PITOT;2026-08-19 15:50:47.089;QDL
ISCOM_TLS;645;2026;2027BUD_V1;12;182594,000000000;M.PITOT;2026-08-19 15:50:47.089;QDL
ISCOM_TLS;6811;2025;2027BUD_V1;12;97413,000000000;M.PITOT;2026-08-19 15:50:47.089;QDL
ISCOM_TLS;621;2026;2027BUD_V1;12;120729,000000000;M.PITOT;2026-08-19 15:50:47.089;QDL
IPAC_NAN;645;2026;2027BUD_V1;12;127350,000000000;M.PITOT;2026-08-19 15:50:47.089;QDL
IPAC_NAN;6811;2025;2027BUD_V1;12;58448,000000000;M.PITOT;2026-08-19 15:50:47.089;QDL
IPAC_NAN;621;2026;2027BUD_V1;12;72438,000000000;M.PITOT;2026-08-19 15:50:47.089;QDL
IPAC_REN;645;2026;2027BUD_V1;12;90427,000000000;M.PITOT;2026-08-19 15:50:47.089;QDL
IPAC_REN;6811;2025;2027BUD_V1;12;58448,000000000;M.PITOT;2026-08-19 15:50:47.089;QDL
IPAC_REN;621;2026;2027BUD_V1;12;72438,000000000;M.PITOT;2026-08-19 15:50:47.089;QDL
IPAC_MTP;645;2026;2027BUD_V1;12;90427,000000000;M.PITOT;2026-08-19 15:50:47.089;QDL
IPAC_MTP;6811;2025;2027BUD_V1;12;58448,000000000;M.PITOT;2026-08-19 15:50:47.089;QDL
IPAC_MTP;621;2026;2027BUD_V1;12;72438,000000000;M.PITOT;2026-08-19 15:50:47.089;QDL
PIGIER_LYO;645;2026;2027BUD_V1;12;179028,000000000;M.PITOT;2026-08-19 15:50:47.089;QDL
PIGIER_LYO;6811;2025;2027BUD_V1;12;77931,000000000;M.PITOT;2026-08-19 15:50:47.089;QDL
PIGIER_LYO;621;2026;2027BUD_V1;12;96583,000000000;M.PITOT;2026-08-19 15:50:47.089;QDL
PIGIER_BOR;645;2026;2027BUD_V1;12;130951,000000000;M.PITOT;2026-08-19 15:50:47.089;QDL
PIGIER_BOR;6811;2025;2027BUD_V1;12;77931,000000000;M.PITOT;2026-08-19 15:50:47.089;QDL
PIGIER_BOR;621;2026;2027BUD_V1;12;96583,000000000;M.PITOT;2026-08-19 15:50:47.089;QDL
TUNON_PAR;645;2026;2027BUD_V1;12;196348,000000000;M.PITOT;2026-08-19 15:50:47.089;QDL
TUNON_PAR;6811;2025;2027BUD_V1;12;58448,000000000;M.PITOT;2026-08-19 15:50:47.089;QDL
TUNON_PAR;621;2026;2027BUD_V1;12;72438,000000000;M.PITOT;2026-08-19 15:50:47.089;QDL
TUNON_LYO;645;2026;2027BUD_V1;12;115089,000000000;M.PITOT;2026-08-19 15:50:47.089;QDL
TUNON_LYO;6811;2025;2027BUD_V1;12;58448,000000000;M.PITOT;2026-08-19 15:50:47.089;QDL
TUNON_LYO;621;2026;2027BUD_V1;12;72438,000000000;M.PITOT;2026-08-19 15:50:47.089;QDL
MBWAY_PAR;613;2024;2027BUD_V1;12;341140,000000000;M.PITOT;2026-08-19 15:50:47.089;QDL
MBWAY_PAR;6811;2026;2027BUD_V1;12;154887,000000000;M.PITOT;2026-08-19 15:50:47.089;QDL
MBWAY_PAR;604;2024;2027BUD_V1;12;77832,000000000;M.PITOT;2026-08-19 15:50:47.089;QDL
MBWAY_LYO;613;2024;2027BUD_V1;12;204403,000000000;M.PITOT;2026-08-19 15:50:47.089;QDL
MBWAY_LYO;6811;2026;2027BUD_V1;12;134236,000000000;M.PITOT;2026-08-19 15:50:47.089;QDL
MBWAY_LYO;604;2024;2027BUD_V1;12;66015,000000000;M.PITOT;2026-08-19 15:50:47.089;QDL
MBWAY_NAN;613;2024;2027BUD_V1;12;168464,000000000;M.PITOT;2026-08-19 15:50:47.089;QDL
MBWAY_NAN;6811;2026;2027BUD_V1;12;123910,000000000;M.PITOT;2026-08-19 15:50:47.089;QDL
MBWAY_NAN;604;2024;2027BUD_V1;12;59902,000000000;M.PITOT;2026-08-19 15:50:47.089;QDL
MBWAY_BOR;613;2024;2027BUD_V1;12;147406,000000000;M.PITOT;2026-08-19 15:50:47.089;QDL
MBWAY_BOR;6811;2026;2027BUD_V1;12;103258,000000000;M.PITOT;2026-08-19 15:50:47.089;QDL
MBWAY_BOR;604;2024;2027BUD_V1;12;50734,000000000;M.PITOT;2026-08-19 15:50:47.089;QDL
ISCOM_PAR;613;2024;2027BUD_V1;12;341140,000000000;M.PITOT;2026-08-19 15:50:47.089;QDL
ISCOM_PAR;6811;2026;2027BUD_V1;12;154887,000000000;M.PITOT;2026-08-19 15:50:47.089;QDL
ISCOM_PAR;604;2024;2027BUD_V1;12;72127,000000000;M.PITOT;2026-08-19 15:50:47.089;QDL
ISCOM_LIL;613;2024;2027BUD_V1;12;129156,000000000;M.PITOT;2026-08-19 15:50:47.089;QDL
ISCOM_LIL;6811;2026;2027BUD_V1;12;103258,000000000;M.PITOT;2026-08-19 15:50:47.089;QDL
ISCOM_LIL;604;2024;2027BUD_V1;12;49715,000000000;M.PITOT;2026-08-19 15:50:47.089;QDL
ISCOM_TLS;613;2024;2027BUD_V1;12;126348,000000000;M.PITOT;2026-08-19 15:50:47.089;QDL
ISCOM_TLS;6811;2026;2027BUD_V1;12;103258,000000000;M.PITOT;2026-08-19 15:50:47.089;QDL
ISCOM_TLS;604;2024;2027BUD_V1;12;47066,000000000;M.PITOT;2026-08-19 15:50:47.089;QDL
IPAC_NAN;613;2024;2027BUD_V1;12;84232,000000000;M.PITOT;2026-08-19 15:50:47.089;QDL
IPAC_NAN;6811;2026;2027BUD_V1;12;61955,000000000;M.PITOT;2026-08-19 15:50:47.089;QDL
IPAC_NAN;604;2024;2027BUD_V1;12;29544,000000000;M.PITOT;2026-08-19 15:50:47.089;QDL
IPAC_REN;613;2024;2027BUD_V1;12;74124,000000000;M.PITOT;2026-08-19 15:50:47.089;QDL
IPAC_REN;6811;2026;2027BUD_V1;12;61955,000000000;M.PITOT;2026-08-19 15:50:47.089;QDL
IPAC_REN;604;2024;2027BUD_V1;12;23839,000000000;M.PITOT;2026-08-19 15:50:47.089;QDL
IPAC_MTP;613;2024;2027BUD_V1;12;74124,000000000;M.PITOT;2026-08-19 15:50:47.089;QDL
IPAC_MTP;6811;2026;2027BUD_V1;12;61955,000000000;M.PITOT;2026-08-19 15:50:47.089;QDL
IPAC_MTP;604;2024;2027BUD_V1;12;23839,000000000;M.PITOT;2026-08-19 15:50:47.089;QDL
PIGIER_LYO;613;2024;2027BUD_V1;12;125787,000000000;M.PITOT;2026-08-19 15:50:47.089;QDL
PIGIER_LYO;6811;2026;2027BUD_V1;12;82607,000000000;M.PITOT;2026-08-19 15:50:47.089;QDL
PIGIER_LYO;604;2024;2027BUD_V1;12;37082,000000000;M.PITOT;2026-08-19 15:50:47.089;QDL
PIGIER_BOR;613;2024;2027BUD_V1;12;117925,000000000;M.PITOT;2026-08-19 15:50:47.089;QDL
PIGIER_BOR;6811;2026;2027BUD_V1;12;82607,000000000;M.PITOT;2026-08-19 15:50:47.089;QDL
PIGIER_BOR;604;2024;2027BUD_V1;12;28932,000000000;M.PITOT;2026-08-19 15:50:47.089;QDL
TUNON_PAR;613;2024;2027BUD_V1;12;136456,000000000;M.PITOT;2026-08-19 15:50:47.089;QDL
TUNON_PAR;6811;2026;2027BUD_V1;12;61955,000000000;M.PITOT;2026-08-19 15:50:47.089;QDL
TUNON_PAR;604;2024;2027BUD_V1;12;28117,000000000;M.PITOT;2026-08-19 15:50:47.089;QDL
TUNON_LYO;613;2024;2027BUD_V1;12;94340,000000000;M.PITOT;2026-08-19 15:50:47.089;QDL
TUNON_LYO;6811;2026;2027BUD_V1;12;61955,000000000;M.PITOT;2026-08-19 15:50:47.089;QDL
TUNON_LYO;604;2024;2027BUD_V1;12;23839,000000000;M.PITOT;2026-08-19 15:50:47.089;QDL
MBWAY_PAR;613;2025;2027BUD_V1;12;356772,000000000;M.PITOT;2026-08-19 15:50:47.089;QDL
MBWAY_PAR;604;2025;2027BUD_V1;12;81399,000000000;M.PITOT;2026-08-19 15:50:47.089;QDL
MBWAY_LYO;613;2025;2027BUD_V1;12;213769,000000000;M.PITOT;2026-08-19 15:50:47.089;QDL
MBWAY_LYO;604;2025;2027BUD_V1;12;69040,000000000;M.PITOT;2026-08-19 15:50:47.089;QDL
MBWAY_NAN;613;2025;2027BUD_V1;12;176184,000000000;M.PITOT;2026-08-19 15:50:47.089;QDL
MBWAY_NAN;604;2025;2027BUD_V1;12;62647,000000000;M.PITOT;2026-08-19 15:50:47.089;QDL
MBWAY_BOR;613;2025;2027BUD_V1;12;154161,000000000;M.PITOT;2026-08-19 15:50:47.089;QDL
MBWAY_BOR;604;2025;2027BUD_V1;12;53058,000000000;M.PITOT;2026-08-19 15:50:47.089;QDL
ISCOM_PAR;613;2025;2027BUD_V1;12;356772,000000000;M.PITOT;2026-08-19 15:50:47.089;QDL
ISCOM_PAR;604;2025;2027BUD_V1;12;75432,000000000;M.PITOT;2026-08-19 15:50:47.089;QDL
ISCOM_LIL;613;2025;2027BUD_V1;12;135074,000000000;M.PITOT;2026-08-19 15:50:47.089;QDL
ISCOM_LIL;604;2025;2027BUD_V1;12;51993,000000000;M.PITOT;2026-08-19 15:50:47.089;QDL
ISCOM_TLS;613;2025;2027BUD_V1;12;132138,000000000;M.PITOT;2026-08-19 15:50:47.089;QDL
ISCOM_TLS;604;2025;2027BUD_V1;12;49223,000000000;M.PITOT;2026-08-19 15:50:47.089;QDL
IPAC_NAN;613;2025;2027BUD_V1;12;88092,000000000;M.PITOT;2026-08-19 15:50:47.089;QDL
IPAC_NAN;604;2025;2027BUD_V1;12;30897,000000000;M.PITOT;2026-08-19 15:50:47.089;QDL
IPAC_REN;613;2025;2027BUD_V1;12;77521,000000000;M.PITOT;2026-08-19 15:50:47.089;QDL
IPAC_REN;604;2025;2027BUD_V1;12;24931,000000000;M.PITOT;2026-08-19 15:50:47.089;QDL
IPAC_MTP;613;2025;2027BUD_V1;12;77521,000000000;M.PITOT;2026-08-19 15:50:47.089;QDL
IPAC_MTP;604;2025;2027BUD_V1;12;24931,000000000;M.PITOT;2026-08-19 15:50:47.089;QDL
PIGIER_LYO;613;2025;2027BUD_V1;12;131550,000000000;M.PITOT;2026-08-19 15:50:47.089;QDL
PIGIER_LYO;604;2025;2027BUD_V1;12;38782,000000000;M.PITOT;2026-08-19 15:50:47.089;QDL
PIGIER_BOR;613;2025;2027BUD_V1;12;123328,000000000;M.PITOT;2026-08-19 15:50:47.089;QDL
PIGIER_BOR;604;2025;2027BUD_V1;12;30258,000000000;M.PITOT;2026-08-19 15:50:47.089;QDL
TUNON_PAR;613;2025;2027BUD_V1;12;142709,000000000;M.PITOT;2026-08-19 15:50:47.089;QDL
TUNON_PAR;604;2025;2027BUD_V1;12;29406,000000000;M.PITOT;2026-08-19 15:50:47.089;QDL
TUNON_LYO;613;2025;2027BUD_V1;12;98663,000000000;M.PITOT;2026-08-19 15:50:47.089;QDL
TUNON_LYO;604;2025;2027BUD_V1;12;24931,000000000;M.PITOT;2026-08-19 15:50:47.089;QDL
MBWAY_PAR;613;2026;2027BUD_V1;12;373801,000000000;M.PITOT;2026-08-19 15:50:47.089;QDL
MBWAY_PAR;604;2026;2027BUD_V1;12;85284,000000000;M.PITOT;2026-08-19 15:50:47.089;QDL
MBWAY_LYO;613;2026;2027BUD_V1;12;223973,000000000;M.PITOT;2026-08-19 15:50:47.089;QDL
MBWAY_LYO;604;2026;2027BUD_V1;12;72335,000000000;M.PITOT;2026-08-19 15:50:47.089;QDL
MBWAY_NAN;613;2026;2027BUD_V1;12;184593,000000000;M.PITOT;2026-08-19 15:50:47.089;QDL
MBWAY_NAN;604;2026;2027BUD_V1;12;65638,000000000;M.PITOT;2026-08-19 15:50:47.089;QDL
MBWAY_BOR;613;2026;2027BUD_V1;12;161519,000000000;M.PITOT;2026-08-19 15:50:47.089;QDL
MBWAY_BOR;604;2026;2027BUD_V1;12;55591,000000000;M.PITOT;2026-08-19 15:50:47.089;QDL
ISCOM_PAR;613;2026;2027BUD_V1;12;373801,000000000;M.PITOT;2026-08-19 15:50:47.089;QDL
ISCOM_PAR;604;2026;2027BUD_V1;12;79033,000000000;M.PITOT;2026-08-19 15:50:47.089;QDL
ISCOM_LIL;613;2026;2027BUD_V1;12;141521,000000000;M.PITOT;2026-08-19 15:50:47.089;QDL
ISCOM_LIL;604;2026;2027BUD_V1;12;54475,000000000;M.PITOT;2026-08-19 15:50:47.089;QDL
ISCOM_TLS;613;2026;2027BUD_V1;12;138445,000000000;M.PITOT;2026-08-19 15:50:47.089;QDL
ISCOM_TLS;604;2026;2027BUD_V1;12;51572,000000000;M.PITOT;2026-08-19 15:50:47.089;QDL
IPAC_NAN;613;2026;2027BUD_V1;12;92297,000000000;M.PITOT;2026-08-19 15:50:47.089;QDL
IPAC_NAN;604;2026;2027BUD_V1;12;32372,000000000;M.PITOT;2026-08-19 15:50:47.089;QDL
IPAC_REN;613;2026;2027BUD_V1;12;81221,000000000;M.PITOT;2026-08-19 15:50:47.089;QDL
IPAC_REN;604;2026;2027BUD_V1;12;26121,000000000;M.PITOT;2026-08-19 15:50:47.089;QDL
IPAC_MTP;613;2026;2027BUD_V1;12;81221,000000000;M.PITOT;2026-08-19 15:50:47.089;QDL
IPAC_MTP;604;2026;2027BUD_V1;12;26121,000000000;M.PITOT;2026-08-19 15:50:47.089;QDL
PIGIER_LYO;613;2026;2027BUD_V1;12;137830,000000000;M.PITOT;2026-08-19 15:50:47.089;QDL
PIGIER_LYO;604;2026;2027BUD_V1;12;40633,000000000;M.PITOT;2026-08-19 15:50:47.089;QDL
PIGIER_BOR;613;2026;2027BUD_V1;12;129215,000000000;M.PITOT;2026-08-19 15:50:47.089;QDL
PIGIER_BOR;604;2026;2027BUD_V1;12;31703,000000000;M.PITOT;2026-08-19 15:50:47.089;QDL
TUNON_PAR;613;2026;2027BUD_V1;12;149520,000000000;M.PITOT;2026-08-19 15:50:47.089;QDL
TUNON_PAR;604;2026;2027BUD_V1;12;30809,000000000;M.PITOT;2026-08-19 15:50:47.089;QDL
TUNON_LYO;613;2026;2027BUD_V1;12;103372,000000000;M.PITOT;2026-08-19 15:50:47.089;QDL
TUNON_LYO;604;2026;2027BUD_V1;12;26121,000000000;M.PITOT;2026-08-19 15:50:47.089;QDL
MBWAY_PAR;615;2024;2027BUD_V1;12;48734,000000000;M.PITOT;2026-08-19 15:50:47.089;QDL
MBWAY_PAR;6063;2024;2027BUD_V1;12;51888,000000000;M.PITOT;2026-08-19 15:50:47.089;QDL
MBWAY_LYO;615;2024;2027BUD_V1;12;29200,000000000;M.PITOT;2026-08-19 15:50:47.089;QDL
MBWAY_LYO;6063;2024;2027BUD_V1;12;44010,000000000;M.PITOT;2026-08-19 15:50:47.089;QDL
MBWAY_NAN;615;2024;2027BUD_V1;12;24066,000000000;M.PITOT;2026-08-19 15:50:47.089;QDL
MBWAY_NAN;6063;2024;2027BUD_V1;12;39935,000000000;M.PITOT;2026-08-19 15:50:47.089;QDL
MBWAY_BOR;615;2024;2027BUD_V1;12;21058,000000000;M.PITOT;2026-08-19 15:50:47.089;QDL
MBWAY_BOR;6063;2024;2027BUD_V1;12;33822,000000000;M.PITOT;2026-08-19 15:50:47.089;QDL
ISCOM_PAR;615;2024;2027BUD_V1;12;48734,000000000;M.PITOT;2026-08-19 15:50:47.089;QDL
ISCOM_PAR;6063;2024;2027BUD_V1;12;48085,000000000;M.PITOT;2026-08-19 15:50:47.089;QDL
ISCOM_LIL;615;2024;2027BUD_V1;12;18451,000000000;M.PITOT;2026-08-19 15:50:47.089;QDL
